,id,leeftijd,gewicht,temp
0,1,15,54,36.5
1,2,18,68,37.099998474121094
2,3,11,41,36.400001525878906
3,4,17,59,37.20000076293945
4,5,20,65,36.900001525878906
